{
  "project_info": {
    "project_number": "839219105320",
    "firebase_url": "https://boxwood-theory-277504.firebaseio.com",
    "project_id": "boxwood-theory-277504",
    "storage_bucket": "boxwood-theory-277504.appspot.com"
  },
  "client": [
    {
      "client_info": {
        "mobilesdk_app_id": "1:839219105320:android:8e57eac6aed9f9eaa0af1d",
        "android_client_info": {
          "package_name": "com.example.bookmyevent"
        }
      },
      "oauth_client": [
        {
          "client_id": "839219105320-9mr7vralpn5977h9jho0mgenijhkerep.apps.googleusercontent.com",
          "client_type": 3
        }
      ],
      "api_key": [
        {
          "current_key": "AIzaSyBJuk3aDyGvRb1BimKApmtZx_aK2g6aNzQ"
        }
      ],
      "services": {
        "appinvite_service": {
          "other_platform_oauth_client": [
            {
              "client_id": "839219105320-9mr7vralpn5977h9jho0mgenijhkerep.apps.googleusercontent.com",
              "client_type": 3
            }
          ]
        }
      }
    }
  ],
  "configuration_version": "1"
}